asset_id,layer,item_name,prompt,variations_needed,priority
body_athletic_male_stage1,body,Athletic Male Stage 1,"minimalist fitness avatar silhouette, single athletic male figure in solid light gray (#F2F4FF), standing neutral pose, relaxed posture, full body from head to feet, subtle muscle definition, gym character design, transparent background, flat design, no gradients, clean edges, centered on 512x512 canvas, bottom of feet at bottom of frame --no text, face details, realistic skin, background, shadow, 3D effects",1,P0
body_athletic_male_stage2,body,Athletic Male Stage 2,"minimalist fitness avatar silhouette, single athletic male figure in solid light gray (#F2F4FF), standing confident pose, improved posture, full body from head to feet, visible muscle definition, gym character design, transparent background, flat design, no gradients, clean edges, centered on 512x512 canvas, bottom of feet at bottom of frame --no text, face details, realistic skin, background, shadow, 3D effects",1,P0
body_athletic_male_stage3,body,Athletic Male Stage 3,"minimalist fitness avatar silhouette, single athletic male figure in solid light gray (#F2F4FF), standing power pose, athletic build, full body from head to feet, noticeable muscle definition, gym character design, transparent background, flat design, no gradients, clean edges, centered on 512x512 canvas, bottom of feet at bottom of frame --no text, face details, realistic skin, background, shadow, 3D effects",1,P0
body_athletic_male_stage4,body,Athletic Male Stage 4,"minimalist fitness avatar silhouette, single athletic male figure in solid light gray (#F2F4FF), standing powerful pose, well-defined muscles, full body from head to feet, clearly fit appearance, gym character design, transparent background, flat design, no gradients, clean edges, centered on 512x512 canvas, bottom of feet at bottom of frame --no text, face details, realistic skin, background, shadow, 3D effects",1,P0
body_athletic_male_stage5,body,Athletic Male Stage 5,"minimalist fitness avatar silhouette, single athletic male figure in solid light gray (#F2F4FF), hero standing pose, peak physique, full body from head to feet, elite muscle definition, gym champion character design, transparent background, flat design, no gradients, clean edges, centered on 512x512 canvas, bottom of feet at bottom of frame --no text, face details, realistic skin, background, shadow, 3D effects",1,P0
body_average_male_stage1,body,Average Male Stage 1,"minimalist fitness avatar silhouette, single average build male figure in solid light gray (#F2F4FF), standing neutral pose, relaxed posture, full body from head to feet, normal build, gym beginner character design, transparent background, flat design, no gradients, clean edges, centered on 512x512 canvas, bottom of feet at bottom of frame --no text, face details, realistic skin, background, shadow, 3D effects",1,P0
body_average_male_stage2,body,Average Male Stage 2,"minimalist fitness avatar silhouette, single male figure in solid light gray (#F2F4FF), standing confident pose, improved posture, full body from head to feet, slightly toned build, gym character design, transparent background, flat design, no gradients, clean edges, centered on 512x512 canvas, bottom of feet at bottom of frame --no text, face details, realistic skin, background, shadow, 3D effects",1,P0
body_average_male_stage3,body,Average Male Stage 3,"minimalist fitness avatar silhouette, single male figure in solid light gray (#F2F4FF), standing power pose, athletic build developing, full body from head to feet, visible fitness progress, gym character design, transparent background, flat design, no gradients, clean edges, centered on 512x512 canvas, bottom of feet at bottom of frame --no text, face details, realistic skin, background, shadow, 3D effects",1,P0
body_average_male_stage4,body,Average Male Stage 4,"minimalist fitness avatar silhouette, single male figure in solid light gray (#F2F4FF), standing powerful pose, fit appearance, full body from head to feet, muscular development visible, gym character design, transparent background, flat design, no gradients, clean edges, centered on 512x512 canvas, bottom of feet at bottom of frame --no text, face details, realistic skin, background, shadow, 3D effects",1,P0
body_average_male_stage5,body,Average Male Stage 5,"minimalist fitness avatar silhouette, single male figure in solid light gray (#F2F4FF), hero standing pose, transformed physique, full body from head to feet, impressive muscle definition, gym champion character design, transparent background, flat design, no gradients, clean edges, centered on 512x512 canvas, bottom of feet at bottom of frame --no text, face details, realistic skin, background, shadow, 3D effects",1,P0
body_athletic_female_stage1,body,Athletic Female Stage 1,"minimalist fitness avatar silhouette, single athletic female figure in solid light gray (#F2F4FF), standing neutral pose, relaxed posture, full body from head to feet, subtle athletic build, gym character design, transparent background, flat design, no gradients, clean edges, centered on 512x512 canvas, bottom of feet at bottom of frame --no text, face details, realistic skin, background, shadow, 3D effects",1,P0
body_athletic_female_stage2,body,Athletic Female Stage 2,"minimalist fitness avatar silhouette, single athletic female figure in solid light gray (#F2F4FF), standing confident pose, improved posture, full body from head to feet, visible toned muscles, gym character design, transparent background, flat design, no gradients, clean edges, centered on 512x512 canvas, bottom of feet at bottom of frame --no text, face details, realistic skin, background, shadow, 3D effects",1,P0
body_athletic_female_stage3,body,Athletic Female Stage 3,"minimalist fitness avatar silhouette, single athletic female figure in solid light gray (#F2F4FF), standing power pose, athletic build, full body from head to feet, noticeable muscle definition, gym character design, transparent background, flat design, no gradients, clean edges, centered on 512x512 canvas, bottom of feet at bottom of frame --no text, face details, realistic skin, background, shadow, 3D effects",1,P0
body_athletic_female_stage4,body,Athletic Female Stage 4,"minimalist fitness avatar silhouette, single athletic female figure in solid light gray (#F2F4FF), standing powerful pose, well-defined muscles, full body from head to feet, clearly fit appearance, gym character design, transparent background, flat design, no gradients, clean edges, centered on 512x512 canvas, bottom of feet at bottom of frame --no text, face details, realistic skin, background, shadow, 3D effects",1,P0
body_athletic_female_stage5,body,Athletic Female Stage 5,"minimalist fitness avatar silhouette, single athletic female figure in solid light gray (#F2F4FF), hero standing pose, peak physique, full body from head to feet, elite muscle definition, gym champion character design, transparent background, flat design, no gradients, clean edges, centered on 512x512 canvas, bottom of feet at bottom of frame --no text, face details, realistic skin, background, shadow, 3D effects",1,P0
body_average_female_stage1,body,Average Female Stage 1,"minimalist fitness avatar silhouette, single average build female figure in solid light gray (#F2F4FF), standing neutral pose, relaxed posture, full body from head to feet, normal build, gym beginner character design, transparent background, flat design, no gradients, clean edges, centered on 512x512 canvas, bottom of feet at bottom of frame --no text, face details, realistic skin, background, shadow, 3D effects",1,P0
body_average_female_stage2,body,Average Female Stage 2,"minimalist fitness avatar silhouette, single female figure in solid light gray (#F2F4FF), standing confident pose, improved posture, full body from head to feet, slightly toned build, gym character design, transparent background, flat design, no gradients, clean edges, centered on 512x512 canvas, bottom of feet at bottom of frame --no text, face details, realistic skin, background, shadow, 3D effects",1,P0
body_average_female_stage3,body,Average Female Stage 3,"minimalist fitness avatar silhouette, single female figure in solid light gray (#F2F4FF), standing power pose, athletic build developing, full body from head to feet, visible fitness progress, gym character design, transparent background, flat design, no gradients, clean edges, centered on 512x512 canvas, bottom of feet at bottom of frame --no text, face details, realistic skin, background, shadow, 3D effects",1,P0
body_average_female_stage4,body,Average Female Stage 4,"minimalist fitness avatar silhouette, single female figure in solid light gray (#F2F4FF), standing powerful pose, fit appearance, full body from head to feet, muscular development visible, gym character design, transparent background, flat design, no gradients, clean edges, centered on 512x512 canvas, bottom of feet at bottom of frame --no text, face details, realistic skin, background, shadow, 3D effects",1,P0
body_average_female_stage5,body,Average Female Stage 5,"minimalist fitness avatar silhouette, single female figure in solid light gray (#F2F4FF), hero standing pose, transformed physique, full body from head to feet, impressive muscle definition, gym champion character design, transparent background, flat design, no gradients, clean edges, centered on 512x512 canvas, bottom of feet at bottom of frame --no text, face details, realistic skin, background, shadow, 3D effects",1,P0
skin_tone1,skin,Porcelain,"flat color overlay layer, human skin tone porcelain (#FFE0BD), solid fill matching body silhouette shape, no texture, flat design, 512x512 canvas, transparent background except skin areas --no gradients, shading, 3D effects, details",1,P0
skin_tone2,skin,Warm Ivory,"flat color overlay layer, human skin tone warm ivory (#F5D0A9), solid fill matching body silhouette shape, no texture, flat design, 512x512 canvas, transparent background except skin areas --no gradients, shading, 3D effects, details",1,P0
skin_tone3,skin,Sand,"flat color overlay layer, human skin tone sand (#D4A76A), solid fill matching body silhouette shape, no texture, flat design, 512x512 canvas, transparent background except skin areas --no gradients, shading, 3D effects, details",1,P0
skin_tone4,skin,Warm Brown,"flat color overlay layer, human skin tone warm brown (#A67B5B), solid fill matching body silhouette shape, no texture, flat design, 512x512 canvas, transparent background except skin areas --no gradients, shading, 3D effects, details",1,P0
skin_tone5,skin,Deep Brown,"flat color overlay layer, human skin tone deep brown (#6B4423), solid fill matching body silhouette shape, no texture, flat design, 512x512 canvas, transparent background except skin areas --no gradients, shading, 3D effects, details",1,P0
skin_tone6,skin,Ebony,"flat color overlay layer, human skin tone ebony (#3D2314), solid fill matching body silhouette shape, no texture, flat design, 512x512 canvas, transparent background except skin areas --no gradients, shading, 3D effects, details",1,P0
face_neutral,face,Neutral Expression,"minimalist avatar face, neutral relaxed expression, simple features, eyes looking forward, closed mouth, flat illustration style, light gray (#F2F4FF), clean lines, transparent background, 512x512 canvas, positioned for upper portion of avatar head area --no realistic details, 3D, shadows, text",1,P0
face_happy,face,Happy Expression,"minimalist avatar face, happy smiling expression, simple features, eyes slightly squinted, smile visible, flat illustration style, light gray (#F2F4FF), clean lines, transparent background, 512x512 canvas, positioned for upper portion of avatar head area --no realistic details, 3D, shadows, text",1,P0
face_nervous,face,Nervous Expression,"minimalist avatar face, nervous uncertain expression, simple features, eyes wide, slight frown, flat illustration style, light gray (#F2F4FF), clean lines, transparent background, 512x512 canvas, positioned for upper portion of avatar head area --no realistic details, 3D, shadows, text",1,P0
face_tired,face,Tired Expression,"minimalist avatar face, tired exhausted expression, simple features, droopy eyes, slight frown, flat illustration style, light gray (#F2F4FF), clean lines, transparent background, 512x512 canvas, positioned for upper portion of avatar head area --no realistic details, 3D, shadows, text",1,P0
face_determined,face,Determined Expression,"minimalist avatar face, determined focused expression, simple features, intense eyes, set jaw, flat illustration style, light gray (#F2F4FF), clean lines, transparent background, 512x512 canvas, positioned for upper portion of avatar head area --no realistic details, 3D, shadows, text",1,P0
face_focused,face,Focused Expression,"minimalist avatar face, focused concentrated expression, simple features, narrowed eyes, neutral mouth, flat illustration style, light gray (#F2F4FF), clean lines, transparent background, 512x512 canvas, positioned for upper portion of avatar head area --no realistic details, 3D, shadows, text",1,P0
face_confident,face,Confident Expression,"minimalist avatar face, confident self-assured expression, simple features, relaxed eyes, slight smirk, flat illustration style, light gray (#F2F4FF), clean lines, transparent background, 512x512 canvas, positioned for upper portion of avatar head area --no realistic details, 3D, shadows, text",1,P0
face_intense,face,Intense Expression,"minimalist avatar face, intense powerful expression, simple features, fierce eyes, gritted teeth, flat illustration style, light gray (#F2F4FF), clean lines, transparent background, 512x512 canvas, positioned for upper portion of avatar head area --no realistic details, 3D, shadows, text",1,P0
hair_short_straight_black,hair,Short Straight Black,"minimalist avatar hairstyle, short straight hair, black color (#1A1A1A), simple clean shape, fits on avatar head, flat illustration style, transparent background, 512x512 canvas, positioned for top of avatar head --no realistic details, individual strands, 3D, shadows",1,P0
hair_short_straight_brown,hair,Short Straight Brown,"minimalist avatar hairstyle, short straight hair, brown color (#654321), simple clean shape, fits on avatar head, flat illustration style, transparent background, 512x512 canvas, positioned for top of avatar head --no realistic details, individual strands, 3D, shadows",1,P0
hair_short_straight_blonde,hair,Short Straight Blonde,"minimalist avatar hairstyle, short straight hair, blonde color (#D4AF37), simple clean shape, fits on avatar head, flat illustration style, transparent background, 512x512 canvas, positioned for top of avatar head --no realistic details, individual strands, 3D, shadows",1,P0
hair_short_straight_red,hair,Short Straight Red,"minimalist avatar hairstyle, short straight hair, red color (#8B0000), simple clean shape, fits on avatar head, flat illustration style, transparent background, 512x512 canvas, positioned for top of avatar head --no realistic details, individual strands, 3D, shadows",1,P0
hair_short_straight_gray,hair,Short Straight Gray,"minimalist avatar hairstyle, short straight hair, gray color (#808080), simple clean shape, fits on avatar head, flat illustration style, transparent background, 512x512 canvas, positioned for top of avatar head --no realistic details, individual strands, 3D, shadows",1,P0
hair_short_straight_accent,hair,Short Straight Accent,"minimalist avatar hairstyle, short straight hair, bright lime green color (#ADFF2F), simple clean shape, fits on avatar head, flat illustration style, transparent background, 512x512 canvas, positioned for top of avatar head --no realistic details, individual strands, 3D, shadows",1,P0
hair_short_curly_black,hair,Short Curly Black,"minimalist avatar hairstyle, short curly hair, black color (#1A1A1A), simple clean shape with curl texture, fits on avatar head, flat illustration style, transparent background, 512x512 canvas, positioned for top of avatar head --no realistic details, individual strands, 3D, shadows",1,P0
hair_short_curly_brown,hair,Short Curly Brown,"minimalist avatar hairstyle, short curly hair, brown color (#654321), simple clean shape with curl texture, fits on avatar head, flat illustration style, transparent background, 512x512 canvas, positioned for top of avatar head --no realistic details, individual strands, 3D, shadows",1,P0
hair_short_curly_blonde,hair,Short Curly Blonde,"minimalist avatar hairstyle, short curly hair, blonde color (#D4AF37), simple clean shape with curl texture, fits on avatar head, flat illustration style, transparent background, 512x512 canvas, positioned for top of avatar head --no realistic details, individual strands, 3D, shadows",1,P0
hair_short_curly_red,hair,Short Curly Red,"minimalist avatar hairstyle, short curly hair, red color (#8B0000), simple clean shape with curl texture, fits on avatar head, flat illustration style, transparent background, 512x512 canvas, positioned for top of avatar head --no realistic details, individual strands, 3D, shadows",1,P0
hair_short_curly_gray,hair,Short Curly Gray,"minimalist avatar hairstyle, short curly hair, gray color (#808080), simple clean shape with curl texture, fits on avatar head, flat illustration style, transparent background, 512x512 canvas, positioned for top of avatar head --no realistic details, individual strands, 3D, shadows",1,P0
hair_short_curly_accent,hair,Short Curly Accent,"minimalist avatar hairstyle, short curly hair, bright lime green color (#ADFF2F), simple clean shape with curl texture, fits on avatar head, flat illustration style, transparent background, 512x512 canvas, positioned for top of avatar head --no realistic details, individual strands, 3D, shadows",1,P0
hair_medium_wavy_black,hair,Medium Wavy Black,"minimalist avatar hairstyle, medium length wavy hair, black color (#1A1A1A), simple clean flowing shape, fits on avatar head, flat illustration style, transparent background, 512x512 canvas, positioned for top of avatar head --no realistic details, individual strands, 3D, shadows",1,P0
hair_medium_wavy_brown,hair,Medium Wavy Brown,"minimalist avatar hairstyle, medium length wavy hair, brown color (#654321), simple clean flowing shape, fits on avatar head, flat illustration style, transparent background, 512x512 canvas, positioned for top of avatar head --no realistic details, individual strands, 3D, shadows",1,P0
hair_medium_wavy_blonde,hair,Medium Wavy Blonde,"minimalist avatar hairstyle, medium length wavy hair, blonde color (#D4AF37), simple clean flowing shape, fits on avatar head, flat illustration style, transparent background, 512x512 canvas, positioned for top of avatar head --no realistic details, individual strands, 3D, shadows",1,P0
hair_medium_wavy_red,hair,Medium Wavy Red,"minimalist avatar hairstyle, medium length wavy hair, red color (#8B0000), simple clean flowing shape, fits on avatar head, flat illustration style, transparent background, 512x512 canvas, positioned for top of avatar head --no realistic details, individual strands, 3D, shadows",1,P0
hair_medium_wavy_gray,hair,Medium Wavy Gray,"minimalist avatar hairstyle, medium length wavy hair, gray color (#808080), simple clean flowing shape, fits on avatar head, flat illustration style, transparent background, 512x512 canvas, positioned for top of avatar head --no realistic details, individual strands, 3D, shadows",1,P0
hair_medium_wavy_accent,hair,Medium Wavy Accent,"minimalist avatar hairstyle, medium length wavy hair, bright lime green color (#ADFF2F), simple clean flowing shape, fits on avatar head, flat illustration style, transparent background, 512x512 canvas, positioned for top of avatar head --no realistic details, individual strands, 3D, shadows",1,P0
hair_long_straight_black,hair,Long Straight Black,"minimalist avatar hairstyle, long straight hair past shoulders, black color (#1A1A1A), simple clean shape, fits on avatar head and flows down, flat illustration style, transparent background, 512x512 canvas, positioned for top of avatar head --no realistic details, individual strands, 3D, shadows",1,P0
hair_long_straight_brown,hair,Long Straight Brown,"minimalist avatar hairstyle, long straight hair past shoulders, brown color (#654321), simple clean shape, fits on avatar head and flows down, flat illustration style, transparent background, 512x512 canvas, positioned for top of avatar head --no realistic details, individual strands, 3D, shadows",1,P0
hair_long_straight_blonde,hair,Long Straight Blonde,"minimalist avatar hairstyle, long straight hair past shoulders, blonde color (#D4AF37), simple clean shape, fits on avatar head and flows down, flat illustration style, transparent background, 512x512 canvas, positioned for top of avatar head --no realistic details, individual strands, 3D, shadows",1,P0
hair_long_straight_red,hair,Long Straight Red,"minimalist avatar hairstyle, long straight hair past shoulders, red color (#8B0000), simple clean shape, fits on avatar head and flows down, flat illustration style, transparent background, 512x512 canvas, positioned for top of avatar head --no realistic details, individual strands, 3D, shadows",1,P0
hair_long_straight_gray,hair,Long Straight Gray,"minimalist avatar hairstyle, long straight hair past shoulders, gray color (#808080), simple clean shape, fits on avatar head and flows down, flat illustration style, transparent background, 512x512 canvas, positioned for top of avatar head --no realistic details, individual strands, 3D, shadows",1,P0
hair_long_straight_accent,hair,Long Straight Accent,"minimalist avatar hairstyle, long straight hair past shoulders, bright lime green color (#ADFF2F), simple clean shape, fits on avatar head and flows down, flat illustration style, transparent background, 512x512 canvas, positioned for top of avatar head --no realistic details, individual strands, 3D, shadows",1,P0
hair_ponytail_black,hair,Ponytail Black,"minimalist avatar hairstyle, high ponytail, black color (#1A1A1A), simple clean sporty shape, tied back, fits on avatar head, flat illustration style, transparent background, 512x512 canvas, positioned for top of avatar head --no realistic details, individual strands, 3D, shadows",1,P0
hair_ponytail_brown,hair,Ponytail Brown,"minimalist avatar hairstyle, high ponytail, brown color (#654321), simple clean sporty shape, tied back, fits on avatar head, flat illustration style, transparent background, 512x512 canvas, positioned for top of avatar head --no realistic details, individual strands, 3D, shadows",1,P0
hair_ponytail_blonde,hair,Ponytail Blonde,"minimalist avatar hairstyle, high ponytail, blonde color (#D4AF37), simple clean sporty shape, tied back, fits on avatar head, flat illustration style, transparent background, 512x512 canvas, positioned for top of avatar head --no realistic details, individual strands, 3D, shadows",1,P0
hair_ponytail_red,hair,Ponytail Red,"minimalist avatar hairstyle, high ponytail, red color (#8B0000), simple clean sporty shape, tied back, fits on avatar head, flat illustration style, transparent background, 512x512 canvas, positioned for top of avatar head --no realistic details, individual strands, 3D, shadows",1,P0
hair_ponytail_gray,hair,Ponytail Gray,"minimalist avatar hairstyle, high ponytail, gray color (#808080), simple clean sporty shape, tied back, fits on avatar head, flat illustration style, transparent background, 512x512 canvas, positioned for top of avatar head --no realistic details, individual strands, 3D, shadows",1,P0
hair_ponytail_accent,hair,Ponytail Accent,"minimalist avatar hairstyle, high ponytail, bright lime green color (#ADFF2F), simple clean sporty shape, tied back, fits on avatar head, flat illustration style, transparent background, 512x512 canvas, positioned for top of avatar head --no realistic details, individual strands, 3D, shadows",1,P0
hair_bun_black,hair,Bun Black,"minimalist avatar hairstyle, tight top bun, black color (#1A1A1A), simple clean round shape, fits on avatar head, flat illustration style, transparent background, 512x512 canvas, positioned for top of avatar head --no realistic details, individual strands, 3D, shadows",1,P0
hair_bun_brown,hair,Bun Brown,"minimalist avatar hairstyle, tight top bun, brown color (#654321), simple clean round shape, fits on avatar head, flat illustration style, transparent background, 512x512 canvas, positioned for top of avatar head --no realistic details, individual strands, 3D, shadows",1,P0
hair_bun_blonde,hair,Bun Blonde,"minimalist avatar hairstyle, tight top bun, blonde color (#D4AF37), simple clean round shape, fits on avatar head, flat illustration style, transparent background, 512x512 canvas, positioned for top of avatar head --no realistic details, individual strands, 3D, shadows",1,P0
hair_bun_red,hair,Bun Red,"minimalist avatar hairstyle, tight top bun, red color (#8B0000), simple clean round shape, fits on avatar head, flat illustration style, transparent background, 512x512 canvas, positioned for top of avatar head --no realistic details, individual strands, 3D, shadows",1,P0
hair_bun_gray,hair,Bun Gray,"minimalist avatar hairstyle, tight top bun, gray color (#808080), simple clean round shape, fits on avatar head, flat illustration style, transparent background, 512x512 canvas, positioned for top of avatar head --no realistic details, individual strands, 3D, shadows",1,P0
hair_bun_accent,hair,Bun Accent,"minimalist avatar hairstyle, tight top bun, bright lime green color (#ADFF2F), simple clean round shape, fits on avatar head, flat illustration style, transparent background, 512x512 canvas, positioned for top of avatar head --no realistic details, individual strands, 3D, shadows",1,P0
hair_buzz_black,hair,Buzz Cut Black,"minimalist avatar hairstyle, very short buzz cut, black color (#1A1A1A), simple clean close-cropped shape, fits on avatar head, flat illustration style, transparent background, 512x512 canvas, positioned for top of avatar head --no realistic details, individual strands, 3D, shadows",1,P0
hair_buzz_brown,hair,Buzz Cut Brown,"minimalist avatar hairstyle, very short buzz cut, brown color (#654321), simple clean close-cropped shape, fits on avatar head, flat illustration style, transparent background, 512x512 canvas, positioned for top of avatar head --no realistic details, individual strands, 3D, shadows",1,P0
hair_buzz_blonde,hair,Buzz Cut Blonde,"minimalist avatar hairstyle, very short buzz cut, blonde color (#D4AF37), simple clean close-cropped shape, fits on avatar head, flat illustration style, transparent background, 512x512 canvas, positioned for top of avatar head --no realistic details, individual strands, 3D, shadows",1,P0
hair_buzz_red,hair,Buzz Cut Red,"minimalist avatar hairstyle, very short buzz cut, red color (#8B0000), simple clean close-cropped shape, fits on avatar head, flat illustration style, transparent background, 512x512 canvas, positioned for top of avatar head --no realistic details, individual strands, 3D, shadows",1,P0
hair_buzz_gray,hair,Buzz Cut Gray,"minimalist avatar hairstyle, very short buzz cut, gray color (#808080), simple clean close-cropped shape, fits on avatar head, flat illustration style, transparent background, 512x512 canvas, positioned for top of avatar head --no realistic details, individual strands, 3D, shadows",1,P0
hair_buzz_accent,hair,Buzz Cut Accent,"minimalist avatar hairstyle, very short buzz cut, bright lime green color (#ADFF2F), simple clean close-cropped shape, fits on avatar head, flat illustration style, transparent background, 512x512 canvas, positioned for top of avatar head --no realistic details, individual strands, 3D, shadows",1,P0
hair_fade_black,hair,Fade Black,"minimalist avatar hairstyle, fade haircut with longer top, black color (#1A1A1A), simple clean modern shape, fits on avatar head, flat illustration style, transparent background, 512x512 canvas, positioned for top of avatar head --no realistic details, individual strands, 3D, shadows",1,P0
hair_fade_brown,hair,Fade Brown,"minimalist avatar hairstyle, fade haircut with longer top, brown color (#654321), simple clean modern shape, fits on avatar head, flat illustration style, transparent background, 512x512 canvas, positioned for top of avatar head --no realistic details, individual strands, 3D, shadows",1,P0
hair_fade_blonde,hair,Fade Blonde,"minimalist avatar hairstyle, fade haircut with longer top, blonde color (#D4AF37), simple clean modern shape, fits on avatar head, flat illustration style, transparent background, 512x512 canvas, positioned for top of avatar head --no realistic details, individual strands, 3D, shadows",1,P0
hair_fade_red,hair,Fade Red,"minimalist avatar hairstyle, fade haircut with longer top, red color (#8B0000), simple clean modern shape, fits on avatar head, flat illustration style, transparent background, 512x512 canvas, positioned for top of avatar head --no realistic details, individual strands, 3D, shadows",1,P0
hair_fade_gray,hair,Fade Gray,"minimalist avatar hairstyle, fade haircut with longer top, gray color (#808080), simple clean modern shape, fits on avatar head, flat illustration style, transparent background, 512x512 canvas, positioned for top of avatar head --no realistic details, individual strands, 3D, shadows",1,P0
hair_fade_accent,hair,Fade Accent,"minimalist avatar hairstyle, fade haircut with longer top, bright lime green color (#ADFF2F), simple clean modern shape, fits on avatar head, flat illustration style, transparent background, 512x512 canvas, positioned for top of avatar head --no realistic details, individual strands, 3D, shadows",1,P0
hair_braids_black,hair,Braids Black,"minimalist avatar hairstyle, braided hair, black color (#1A1A1A), simple clean woven pattern, fits on avatar head, flat illustration style, transparent background, 512x512 canvas, positioned for top of avatar head --no realistic details, individual strands, 3D, shadows",1,P0
hair_braids_brown,hair,Braids Brown,"minimalist avatar hairstyle, braided hair, brown color (#654321), simple clean woven pattern, fits on avatar head, flat illustration style, transparent background, 512x512 canvas, positioned for top of avatar head --no realistic details, individual strands, 3D, shadows",1,P0
hair_braids_blonde,hair,Braids Blonde,"minimalist avatar hairstyle, braided hair, blonde color (#D4AF37), simple clean woven pattern, fits on avatar head, flat illustration style, transparent background, 512x512 canvas, positioned for top of avatar head --no realistic details, individual strands, 3D, shadows",1,P0
hair_braids_red,hair,Braids Red,"minimalist avatar hairstyle, braided hair, red color (#8B0000), simple clean woven pattern, fits on avatar head, flat illustration style, transparent background, 512x512 canvas, positioned for top of avatar head --no realistic details, individual strands, 3D, shadows",1,P0
hair_braids_gray,hair,Braids Gray,"minimalist avatar hairstyle, braided hair, gray color (#808080), simple clean woven pattern, fits on avatar head, flat illustration style, transparent background, 512x512 canvas, positioned for top of avatar head --no realistic details, individual strands, 3D, shadows",1,P0
hair_braids_accent,hair,Braids Accent,"minimalist avatar hairstyle, braided hair, bright lime green color (#ADFF2F), simple clean woven pattern, fits on avatar head, flat illustration style, transparent background, 512x512 canvas, positioned for top of avatar head --no realistic details, individual strands, 3D, shadows",1,P0
hair_afro_black,hair,Afro Black,"minimalist avatar hairstyle, full afro, black color (#1A1A1A), simple clean round voluminous shape, fits on avatar head, flat illustration style, transparent background, 512x512 canvas, positioned for top of avatar head --no realistic details, individual strands, 3D, shadows",1,P0
hair_afro_brown,hair,Afro Brown,"minimalist avatar hairstyle, full afro, brown color (#654321), simple clean round voluminous shape, fits on avatar head, flat illustration style, transparent background, 512x512 canvas, positioned for top of avatar head --no realistic details, individual strands, 3D, shadows",1,P0
hair_afro_blonde,hair,Afro Blonde,"minimalist avatar hairstyle, full afro, blonde color (#D4AF37), simple clean round voluminous shape, fits on avatar head, flat illustration style, transparent background, 512x512 canvas, positioned for top of avatar head --no realistic details, individual strands, 3D, shadows",1,P0
hair_afro_red,hair,Afro Red,"minimalist avatar hairstyle, full afro, red color (#8B0000), simple clean round voluminous shape, fits on avatar head, flat illustration style, transparent background, 512x512 canvas, positioned for top of avatar head --no realistic details, individual strands, 3D, shadows",1,P0
hair_afro_gray,hair,Afro Gray,"minimalist avatar hairstyle, full afro, gray color (#808080), simple clean round voluminous shape, fits on avatar head, flat illustration style, transparent background, 512x512 canvas, positioned for top of avatar head --no realistic details, individual strands, 3D, shadows",1,P0
hair_afro_accent,hair,Afro Accent,"minimalist avatar hairstyle, full afro, bright lime green color (#ADFF2F), simple clean round voluminous shape, fits on avatar head, flat illustration style, transparent background, 512x512 canvas, positioned for top of avatar head --no realistic details, individual strands, 3D, shadows",1,P0
hair_undercut_black,hair,Undercut Black,"minimalist avatar hairstyle, undercut with long top, black color (#1A1A1A), simple clean edgy shape, fits on avatar head, flat illustration style, transparent background, 512x512 canvas, positioned for top of avatar head --no realistic details, individual strands, 3D, shadows",1,P0
hair_undercut_brown,hair,Undercut Brown,"minimalist avatar hairstyle, undercut with long top, brown color (#654321), simple clean edgy shape, fits on avatar head, flat illustration style, transparent background, 512x512 canvas, positioned for top of avatar head --no realistic details, individual strands, 3D, shadows",1,P0
hair_undercut_blonde,hair,Undercut Blonde,"minimalist avatar hairstyle, undercut with long top, blonde color (#D4AF37), simple clean edgy shape, fits on avatar head, flat illustration style, transparent background, 512x512 canvas, positioned for top of avatar head --no realistic details, individual strands, 3D, shadows",1,P0
hair_undercut_red,hair,Undercut Red,"minimalist avatar hairstyle, undercut with long top, red color (#8B0000), simple clean edgy shape, fits on avatar head, flat illustration style, transparent background, 512x512 canvas, positioned for top of avatar head --no realistic details, individual strands, 3D, shadows",1,P0
hair_undercut_gray,hair,Undercut Gray,"minimalist avatar hairstyle, undercut with long top, gray color (#808080), simple clean edgy shape, fits on avatar head, flat illustration style, transparent background, 512x512 canvas, positioned for top of avatar head --no realistic details, individual strands, 3D, shadows",1,P0
hair_undercut_accent,hair,Undercut Accent,"minimalist avatar hairstyle, undercut with long top, bright lime green color (#ADFF2F), simple clean edgy shape, fits on avatar head, flat illustration style, transparent background, 512x512 canvas, positioned for top of avatar head --no realistic details, individual strands, 3D, shadows",1,P0
hair_bald,hair,Bald,"minimalist avatar bald head, no hair, smooth head shape, light gray color (#F2F4FF), simple clean shape, fits on avatar head, flat illustration style, transparent background, 512x512 canvas, positioned for top of avatar head --no realistic details, 3D, shadows",1,P0
top_tanktop_black,top,Tank Top Black,"minimalist gym clothing, sleeveless tank top, black color (#1A1A1A), simple athletic fit, fits avatar torso, flat illustration style, transparent background, 512x512 canvas, positioned for avatar upper body --no realistic details, wrinkles, 3D, shadows",1,P0
top_tanktop_white,top,Tank Top White,"minimalist gym clothing, sleeveless tank top, white color (#F5F5F5), simple athletic fit, fits avatar torso, flat illustration style, transparent background, 512x512 canvas, positioned for avatar upper body --no realistic details, wrinkles, 3D, shadows",1,P0
top_tanktop_gray,top,Tank Top Gray,"minimalist gym clothing, sleeveless tank top, gray color (#4A4A4A), simple athletic fit, fits avatar torso, flat illustration style, transparent background, 512x512 canvas, positioned for avatar upper body --no realistic details, wrinkles, 3D, shadows",1,P0
top_tanktop_accent,top,Tank Top Accent,"minimalist gym clothing, sleeveless tank top, bright lime green color (#ADFF2F), simple athletic fit, fits avatar torso, flat illustration style, transparent background, 512x512 canvas, positioned for avatar upper body --no realistic details, wrinkles, 3D, shadows",1,P0
top_tshirt_black,top,T-Shirt Black,"minimalist gym clothing, short sleeve t-shirt, black color (#1A1A1A), simple athletic fit, fits avatar torso, flat illustration style, transparent background, 512x512 canvas, positioned for avatar upper body --no realistic details, wrinkles, 3D, shadows",1,P0
top_tshirt_white,top,T-Shirt White,"minimalist gym clothing, short sleeve t-shirt, white color (#F5F5F5), simple athletic fit, fits avatar torso, flat illustration style, transparent background, 512x512 canvas, positioned for avatar upper body --no realistic details, wrinkles, 3D, shadows",1,P0
top_tshirt_gray,top,T-Shirt Gray,"minimalist gym clothing, short sleeve t-shirt, gray color (#4A4A4A), simple athletic fit, fits avatar torso, flat illustration style, transparent background, 512x512 canvas, positioned for avatar upper body --no realistic details, wrinkles, 3D, shadows",1,P0
top_tshirt_accent,top,T-Shirt Accent,"minimalist gym clothing, short sleeve t-shirt, bright lime green color (#ADFF2F), simple athletic fit, fits avatar torso, flat illustration style, transparent background, 512x512 canvas, positioned for avatar upper body --no realistic details, wrinkles, 3D, shadows",1,P0
top_sportsbra_black,top,Sports Bra Black,"minimalist gym clothing, sports bra top, black color (#1A1A1A), simple athletic fit, fits avatar torso, flat illustration style, transparent background, 512x512 canvas, positioned for avatar upper body --no realistic details, wrinkles, 3D, shadows",1,P0
top_sportsbra_white,top,Sports Bra White,"minimalist gym clothing, sports bra top, white color (#F5F5F5), simple athletic fit, fits avatar torso, flat illustration style, transparent background, 512x512 canvas, positioned for avatar upper body --no realistic details, wrinkles, 3D, shadows",1,P0
top_sportsbra_gray,top,Sports Bra Gray,"minimalist gym clothing, sports bra top, gray color (#4A4A4A), simple athletic fit, fits avatar torso, flat illustration style, transparent background, 512x512 canvas, positioned for avatar upper body --no realistic details, wrinkles, 3D, shadows",1,P0
top_sportsbra_accent,top,Sports Bra Accent,"minimalist gym clothing, sports bra top, bright lime green color (#ADFF2F), simple athletic fit, fits avatar torso, flat illustration style, transparent background, 512x512 canvas, positioned for avatar upper body --no realistic details, wrinkles, 3D, shadows",1,P0
top_hoodie_black,top,Hoodie Black,"minimalist gym clothing, pullover hoodie, black color (#1A1A1A), simple relaxed fit, fits avatar torso, flat illustration style, transparent background, 512x512 canvas, positioned for avatar upper body --no realistic details, wrinkles, 3D, shadows",1,P0
top_hoodie_white,top,Hoodie White,"minimalist gym clothing, pullover hoodie, white color (#F5F5F5), simple relaxed fit, fits avatar torso, flat illustration style, transparent background, 512x512 canvas, positioned for avatar upper body --no realistic details, wrinkles, 3D, shadows",1,P0
top_hoodie_gray,top,Hoodie Gray,"minimalist gym clothing, pullover hoodie, gray color (#4A4A4A), simple relaxed fit, fits avatar torso, flat illustration style, transparent background, 512x512 canvas, positioned for avatar upper body --no realistic details, wrinkles, 3D, shadows",1,P0
top_hoodie_accent,top,Hoodie Accent,"minimalist gym clothing, pullover hoodie, bright lime green color (#ADFF2F), simple relaxed fit, fits avatar torso, flat illustration style, transparent background, 512x512 canvas, positioned for avatar upper body --no realistic details, wrinkles, 3D, shadows",1,P0
top_stringer_black,top,Stringer Black,"minimalist gym clothing, stringer tank top with low cut sides, black color (#1A1A1A), simple athletic fit, fits avatar torso, flat illustration style, transparent background, 512x512 canvas, positioned for avatar upper body --no realistic details, wrinkles, 3D, shadows",1,P0
top_stringer_white,top,Stringer White,"minimalist gym clothing, stringer tank top with low cut sides, white color (#F5F5F5), simple athletic fit, fits avatar torso, flat illustration style, transparent background, 512x512 canvas, positioned for avatar upper body --no realistic details, wrinkles, 3D, shadows",1,P0
top_stringer_gray,top,Stringer Gray,"minimalist gym clothing, stringer tank top with low cut sides, gray color (#4A4A4A), simple athletic fit, fits avatar torso, flat illustration style, transparent background, 512x512 canvas, positioned for avatar upper body --no realistic details, wrinkles, 3D, shadows",1,P0
top_stringer_accent,top,Stringer Accent,"minimalist gym clothing, stringer tank top with low cut sides, bright lime green color (#ADFF2F), simple athletic fit, fits avatar torso, flat illustration style, transparent background, 512x512 canvas, positioned for avatar upper body --no realistic details, wrinkles, 3D, shadows",1,P0
top_longsleeve_black,top,Long Sleeve Black,"minimalist gym clothing, long sleeve athletic shirt, black color (#1A1A1A), simple fitted design, fits avatar torso, flat illustration style, transparent background, 512x512 canvas, positioned for avatar upper body --no realistic details, wrinkles, 3D, shadows",1,P0
top_longsleeve_white,top,Long Sleeve White,"minimalist gym clothing, long sleeve athletic shirt, white color (#F5F5F5), simple fitted design, fits avatar torso, flat illustration style, transparent background, 512x512 canvas, positioned for avatar upper body --no realistic details, wrinkles, 3D, shadows",1,P0
top_longsleeve_gray,top,Long Sleeve Gray,"minimalist gym clothing, long sleeve athletic shirt, gray color (#4A4A4A), simple fitted design, fits avatar torso, flat illustration style, transparent background, 512x512 canvas, positioned for avatar upper body --no realistic details, wrinkles, 3D, shadows",1,P0
top_longsleeve_accent,top,Long Sleeve Accent,"minimalist gym clothing, long sleeve athletic shirt, bright lime green color (#ADFF2F), simple fitted design, fits avatar torso, flat illustration style, transparent background, 512x512 canvas, positioned for avatar upper body --no realistic details, wrinkles, 3D, shadows",1,P0
top_compression_black,top,Compression Black,"minimalist gym clothing, tight compression shirt, black color (#1A1A1A), simple form-fitting design, fits avatar torso, flat illustration style, transparent background, 512x512 canvas, positioned for avatar upper body --no realistic details, wrinkles, 3D, shadows",1,P0
top_compression_white,top,Compression White,"minimalist gym clothing, tight compression shirt, white color (#F5F5F5), simple form-fitting design, fits avatar torso, flat illustration style, transparent background, 512x512 canvas, positioned for avatar upper body --no realistic details, wrinkles, 3D, shadows",1,P0
top_compression_gray,top,Compression Gray,"minimalist gym clothing, tight compression shirt, gray color (#4A4A4A), simple form-fitting design, fits avatar torso, flat illustration style, transparent background, 512x512 canvas, positioned for avatar upper body --no realistic details, wrinkles, 3D, shadows",1,P0
top_compression_accent,top,Compression Accent,"minimalist gym clothing, tight compression shirt, bright lime green color (#ADFF2F), simple form-fitting design, fits avatar torso, flat illustration style, transparent background, 512x512 canvas, positioned for avatar upper body --no realistic details, wrinkles, 3D, shadows",1,P0
top_cropped_black,top,Cropped Top Black,"minimalist gym clothing, cropped athletic top, black color (#1A1A1A), simple short fit ending above navel, fits avatar torso, flat illustration style, transparent background, 512x512 canvas, positioned for avatar upper body --no realistic details, wrinkles, 3D, shadows",1,P0
top_cropped_white,top,Cropped Top White,"minimalist gym clothing, cropped athletic top, white color (#F5F5F5), simple short fit ending above navel, fits avatar torso, flat illustration style, transparent background, 512x512 canvas, positioned for avatar upper body --no realistic details, wrinkles, 3D, shadows",1,P0
top_cropped_gray,top,Cropped Top Gray,"minimalist gym clothing, cropped athletic top, gray color (#4A4A4A), simple short fit ending above navel, fits avatar torso, flat illustration style, transparent background, 512x512 canvas, positioned for avatar upper body --no realistic details, wrinkles, 3D, shadows",1,P0
top_cropped_accent,top,Cropped Top Accent,"minimalist gym clothing, cropped athletic top, bright lime green color (#ADFF2F), simple short fit ending above navel, fits avatar torso, flat illustration style, transparent background, 512x512 canvas, positioned for avatar upper body --no realistic details, wrinkles, 3D, shadows",1,P0
top_sleeveless_hoodie_black,top,Sleeveless Hoodie Black,"minimalist gym clothing, sleeveless hoodie vest, black color (#1A1A1A), simple athletic fit with hood, fits avatar torso, flat illustration style, transparent background, 512x512 canvas, positioned for avatar upper body --no realistic details, wrinkles, 3D, shadows",1,P1
top_sleeveless_hoodie_white,top,Sleeveless Hoodie White,"minimalist gym clothing, sleeveless hoodie vest, white color (#F5F5F5), simple athletic fit with hood, fits avatar torso, flat illustration style, transparent background, 512x512 canvas, positioned for avatar upper body --no realistic details, wrinkles, 3D, shadows",1,P1
top_sleeveless_hoodie_gray,top,Sleeveless Hoodie Gray,"minimalist gym clothing, sleeveless hoodie vest, gray color (#4A4A4A), simple athletic fit with hood, fits avatar torso, flat illustration style, transparent background, 512x512 canvas, positioned for avatar upper body --no realistic details, wrinkles, 3D, shadows",1,P1
top_sleeveless_hoodie_accent,top,Sleeveless Hoodie Accent,"minimalist gym clothing, sleeveless hoodie vest, bright lime green color (#ADFF2F), simple athletic fit with hood, fits avatar torso, flat illustration style, transparent background, 512x512 canvas, positioned for avatar upper body --no realistic details, wrinkles, 3D, shadows",1,P1
top_competition_black,top,Competition Singlet Black,"minimalist gym clothing, wrestling/powerlifting singlet, black color (#1A1A1A), simple competition fit, fits avatar torso, flat illustration style, transparent background, 512x512 canvas, positioned for avatar upper body --no realistic details, wrinkles, 3D, shadows",1,P1
top_competition_white,top,Competition Singlet White,"minimalist gym clothing, wrestling/powerlifting singlet, white color (#F5F5F5), simple competition fit, fits avatar torso, flat illustration style, transparent background, 512x512 canvas, positioned for avatar upper body --no realistic details, wrinkles, 3D, shadows",1,P1
top_competition_gray,top,Competition Singlet Gray,"minimalist gym clothing, wrestling/powerlifting singlet, gray color (#4A4A4A), simple competition fit, fits avatar torso, flat illustration style, transparent background, 512x512 canvas, positioned for avatar upper body --no realistic details, wrinkles, 3D, shadows",1,P1
top_competition_accent,top,Competition Singlet Accent,"minimalist gym clothing, wrestling/powerlifting singlet, bright lime green color (#ADFF2F), simple competition fit, fits avatar torso, flat illustration style, transparent background, 512x512 canvas, positioned for avatar upper body --no realistic details, wrinkles, 3D, shadows",1,P1
bottom_shorts_black,bottom,Gym Shorts Black,"minimalist gym clothing, athletic shorts above knee, black color (#1A1A1A), simple loose fit, fits avatar lower body, flat illustration style, transparent background, 512x512 canvas, positioned for avatar lower body --no realistic details, wrinkles, 3D, shadows",1,P0
bottom_shorts_white,bottom,Gym Shorts White,"minimalist gym clothing, athletic shorts above knee, white color (#F5F5F5), simple loose fit, fits avatar lower body, flat illustration style, transparent background, 512x512 canvas, positioned for avatar lower body --no realistic details, wrinkles, 3D, shadows",1,P0
bottom_shorts_gray,bottom,Gym Shorts Gray,"minimalist gym clothing, athletic shorts above knee, gray color (#4A4A4A), simple loose fit, fits avatar lower body, flat illustration style, transparent background, 512x512 canvas, positioned for avatar lower body --no realistic details, wrinkles, 3D, shadows",1,P0
bottom_shorts_accent,bottom,Gym Shorts Accent,"minimalist gym clothing, athletic shorts above knee, bright lime green color (#ADFF2F), simple loose fit, fits avatar lower body, flat illustration style, transparent background, 512x512 canvas, positioned for avatar lower body --no realistic details, wrinkles, 3D, shadows",1,P0
bottom_joggers_black,bottom,Joggers Black,"minimalist gym clothing, tapered jogger pants, black color (#1A1A1A), simple relaxed fit, fits avatar lower body, flat illustration style, transparent background, 512x512 canvas, positioned for avatar lower body --no realistic details, wrinkles, 3D, shadows",1,P0
bottom_joggers_white,bottom,Joggers White,"minimalist gym clothing, tapered jogger pants, white color (#F5F5F5), simple relaxed fit, fits avatar lower body, flat illustration style, transparent background, 512x512 canvas, positioned for avatar lower body --no realistic details, wrinkles, 3D, shadows",1,P0
bottom_joggers_gray,bottom,Joggers Gray,"minimalist gym clothing, tapered jogger pants, gray color (#4A4A4A), simple relaxed fit, fits avatar lower body, flat illustration style, transparent background, 512x512 canvas, positioned for avatar lower body --no realistic details, wrinkles, 3D, shadows",1,P0
bottom_joggers_accent,bottom,Joggers Accent,"minimalist gym clothing, tapered jogger pants, bright lime green color (#ADFF2F), simple relaxed fit, fits avatar lower body, flat illustration style, transparent background, 512x512 canvas, positioned for avatar lower body --no realistic details, wrinkles, 3D, shadows",1,P0
bottom_leggings_black,bottom,Leggings Black,"minimalist gym clothing, full length leggings, black color (#1A1A1A), simple form-fitting design, fits avatar lower body, flat illustration style, transparent background, 512x512 canvas, positioned for avatar lower body --no realistic details, wrinkles, 3D, shadows",1,P0
bottom_leggings_white,bottom,Leggings White,"minimalist gym clothing, full length leggings, white color (#F5F5F5), simple form-fitting design, fits avatar lower body, flat illustration style, transparent background, 512x512 canvas, positioned for avatar lower body --no realistic details, wrinkles, 3D, shadows",1,P0
bottom_leggings_gray,bottom,Leggings Gray,"minimalist gym clothing, full length leggings, gray color (#4A4A4A), simple form-fitting design, fits avatar lower body, flat illustration style, transparent background, 512x512 canvas, positioned for avatar lower body --no realistic details, wrinkles, 3D, shadows",1,P0
bottom_leggings_accent,bottom,Leggings Accent,"minimalist gym clothing, full length leggings, bright lime green color (#ADFF2F), simple form-fitting design, fits avatar lower body, flat illustration style, transparent background, 512x512 canvas, positioned for avatar lower body --no realistic details, wrinkles, 3D, shadows",1,P0
bottom_sweatpants_black,bottom,Sweatpants Black,"minimalist gym clothing, loose sweatpants, black color (#1A1A1A), simple baggy fit, fits avatar lower body, flat illustration style, transparent background, 512x512 canvas, positioned for avatar lower body --no realistic details, wrinkles, 3D, shadows",1,P0
bottom_sweatpants_white,bottom,Sweatpants White,"minimalist gym clothing, loose sweatpants, white color (#F5F5F5), simple baggy fit, fits avatar lower body, flat illustration style, transparent background, 512x512 canvas, positioned for avatar lower body --no realistic details, wrinkles, 3D, shadows",1,P0
bottom_sweatpants_gray,bottom,Sweatpants Gray,"minimalist gym clothing, loose sweatpants, gray color (#4A4A4A), simple baggy fit, fits avatar lower body, flat illustration style, transparent background, 512x512 canvas, positioned for avatar lower body --no realistic details, wrinkles, 3D, shadows",1,P0
bottom_sweatpants_accent,bottom,Sweatpants Accent,"minimalist gym clothing, loose sweatpants, bright lime green color (#ADFF2F), simple baggy fit, fits avatar lower body, flat illustration style, transparent background, 512x512 canvas, positioned for avatar lower body --no realistic details, wrinkles, 3D, shadows",1,P0
bottom_compression_black,bottom,Compression Shorts Black,"minimalist gym clothing, tight compression shorts mid-thigh, black color (#1A1A1A), simple form-fitting design, fits avatar lower body, flat illustration style, transparent background, 512x512 canvas, positioned for avatar lower body --no realistic details, wrinkles, 3D, shadows",1,P0
bottom_compression_white,bottom,Compression Shorts White,"minimalist gym clothing, tight compression shorts mid-thigh, white color (#F5F5F5), simple form-fitting design, fits avatar lower body, flat illustration style, transparent background, 512x512 canvas, positioned for avatar lower body --no realistic details, wrinkles, 3D, shadows",1,P0
bottom_compression_gray,bottom,Compression Shorts Gray,"minimalist gym clothing, tight compression shorts mid-thigh, gray color (#4A4A4A), simple form-fitting design, fits avatar lower body, flat illustration style, transparent background, 512x512 canvas, positioned for avatar lower body --no realistic details, wrinkles, 3D, shadows",1,P0
bottom_compression_accent,bottom,Compression Shorts Accent,"minimalist gym clothing, tight compression shorts mid-thigh, bright lime green color (#ADFF2F), simple form-fitting design, fits avatar lower body, flat illustration style, transparent background, 512x512 canvas, positioned for avatar lower body --no realistic details, wrinkles, 3D, shadows",1,P0
bottom_cargo_black,bottom,Cargo Shorts Black,"minimalist gym clothing, cargo shorts with side pockets, black color (#1A1A1A), simple relaxed fit, fits avatar lower body, flat illustration style, transparent background, 512x512 canvas, positioned for avatar lower body --no realistic details, wrinkles, 3D, shadows",1,P0
bottom_cargo_white,bottom,Cargo Shorts White,"minimalist gym clothing, cargo shorts with side pockets, white color (#F5F5F5), simple relaxed fit, fits avatar lower body, flat illustration style, transparent background, 512x512 canvas, positioned for avatar lower body --no realistic details, wrinkles, 3D, shadows",1,P0
bottom_cargo_gray,bottom,Cargo Shorts Gray,"minimalist gym clothing, cargo shorts with side pockets, gray color (#4A4A4A), simple relaxed fit, fits avatar lower body, flat illustration style, transparent background, 512x512 canvas, positioned for avatar lower body --no realistic details, wrinkles, 3D, shadows",1,P0
bottom_cargo_accent,bottom,Cargo Shorts Accent,"minimalist gym clothing, cargo shorts with side pockets, bright lime green color (#ADFF2F), simple relaxed fit, fits avatar lower body, flat illustration style, transparent background, 512x512 canvas, positioned for avatar lower body --no realistic details, wrinkles, 3D, shadows",1,P0
bottom_biker_black,bottom,Biker Shorts Black,"minimalist gym clothing, biker shorts above knee, black color (#1A1A1A), simple form-fitting design, fits avatar lower body, flat illustration style, transparent background, 512x512 canvas, positioned for avatar lower body --no realistic details, wrinkles, 3D, shadows",1,P0
bottom_biker_white,bottom,Biker Shorts White,"minimalist gym clothing, biker shorts above knee, white color (#F5F5F5), simple form-fitting design, fits avatar lower body, flat illustration style, transparent background, 512x512 canvas, positioned for avatar lower body --no realistic details, wrinkles, 3D, shadows",1,P0
bottom_biker_gray,bottom,Biker Shorts Gray,"minimalist gym clothing, biker shorts above knee, gray color (#4A4A4A), simple form-fitting design, fits avatar lower body, flat illustration style, transparent background, 512x512 canvas, positioned for avatar lower body --no realistic details, wrinkles, 3D, shadows",1,P0
bottom_biker_accent,bottom,Biker Shorts Accent,"minimalist gym clothing, biker shorts above knee, bright lime green color (#ADFF2F), simple form-fitting design, fits avatar lower body, flat illustration style, transparent background, 512x512 canvas, positioned for avatar lower body --no realistic details, wrinkles, 3D, shadows",1,P0
bottom_competition_black,bottom,Competition Shorts Black,"minimalist gym clothing, powerlifting competition shorts, black color (#1A1A1A), simple athletic fit, fits avatar lower body, flat illustration style, transparent background, 512x512 canvas, positioned for avatar lower body --no realistic details, wrinkles, 3D, shadows",1,P1
bottom_competition_white,bottom,Competition Shorts White,"minimalist gym clothing, powerlifting competition shorts, white color (#F5F5F5), simple athletic fit, fits avatar lower body, flat illustration style, transparent background, 512x512 canvas, positioned for avatar lower body --no realistic details, wrinkles, 3D, shadows",1,P1
bottom_competition_gray,bottom,Competition Shorts Gray,"minimalist gym clothing, powerlifting competition shorts, gray color (#4A4A4A), simple athletic fit, fits avatar lower body, flat illustration style, transparent background, 512x512 canvas, positioned for avatar lower body --no realistic details, wrinkles, 3D, shadows",1,P1
bottom_competition_accent,bottom,Competition Shorts Accent,"minimalist gym clothing, powerlifting competition shorts, bright lime green color (#ADFF2F), simple athletic fit, fits avatar lower body, flat illustration style, transparent background, 512x512 canvas, positioned for avatar lower body --no realistic details, wrinkles, 3D, shadows",1,P1
foot_sneakers_white,foot,Sneakers White,"minimalist gym footwear, athletic sneakers running shoes, white color (#F5F5F5), simple sporty design, fits avatar feet, flat illustration style, transparent background, 512x512 canvas, positioned for avatar feet at bottom --no realistic details, laces, 3D, shadows",1,P0
foot_sneakers_black,foot,Sneakers Black,"minimalist gym footwear, athletic sneakers running shoes, black color (#1A1A1A), simple sporty design, fits avatar feet, flat illustration style, transparent background, 512x512 canvas, positioned for avatar feet at bottom --no realistic details, laces, 3D, shadows",1,P0
foot_sneakers_accent,foot,Sneakers Accent,"minimalist gym footwear, athletic sneakers running shoes, bright lime green color (#ADFF2F), simple sporty design, fits avatar feet, flat illustration style, transparent background, 512x512 canvas, positioned for avatar feet at bottom --no realistic details, laces, 3D, shadows",1,P0
foot_trainers_white,foot,Trainers White,"minimalist gym footwear, cross training shoes, white color (#F5F5F5), simple athletic design, fits avatar feet, flat illustration style, transparent background, 512x512 canvas, positioned for avatar feet at bottom --no realistic details, laces, 3D, shadows",1,P0
foot_trainers_black,foot,Trainers Black,"minimalist gym footwear, cross training shoes, black color (#1A1A1A), simple athletic design, fits avatar feet, flat illustration style, transparent background, 512x512 canvas, positioned for avatar feet at bottom --no realistic details, laces, 3D, shadows",1,P0
foot_trainers_accent,foot,Trainers Accent,"minimalist gym footwear, cross training shoes, bright lime green color (#ADFF2F), simple athletic design, fits avatar feet, flat illustration style, transparent background, 512x512 canvas, positioned for avatar feet at bottom --no realistic details, laces, 3D, shadows",1,P0
foot_lifting_white,foot,Lifting Shoes White,"minimalist gym footwear, weightlifting shoes with raised heel, white color (#F5F5F5), simple powerlifting design, fits avatar feet, flat illustration style, transparent background, 512x512 canvas, positioned for avatar feet at bottom --no realistic details, laces, 3D, shadows",1,P0
foot_lifting_black,foot,Lifting Shoes Black,"minimalist gym footwear, weightlifting shoes with raised heel, black color (#1A1A1A), simple powerlifting design, fits avatar feet, flat illustration style, transparent background, 512x512 canvas, positioned for avatar feet at bottom --no realistic details, laces, 3D, shadows",1,P0
foot_lifting_accent,foot,Lifting Shoes Accent,"minimalist gym footwear, weightlifting shoes with raised heel, bright lime green color (#ADFF2F), simple powerlifting design, fits avatar feet, flat illustration style, transparent background, 512x512 canvas, positioned for avatar feet at bottom --no realistic details, laces, 3D, shadows",1,P0
foot_barefoot,foot,Barefoot,"minimalist avatar barefoot, no shoes, just feet in light gray (#F2F4FF), simple clean shape, fits avatar feet, flat illustration style, transparent background, 512x512 canvas, positioned for avatar feet at bottom --no realistic details, 3D, shadows",1,P0
acc_headband_neon,accessory,Headband Neon,"minimalist gym accessory, athletic headband sweatband, bright lime green color (#ADFF2F), simple sporty design, fits avatar forehead area, flat illustration style, transparent background, 512x512 canvas, positioned for avatar head --no realistic details, 3D, shadows",1,P1
acc_headband_black,accessory,Headband Black,"minimalist gym accessory, athletic headband sweatband, black color (#1A1A1A), simple sporty design, fits avatar forehead area, flat illustration style, transparent background, 512x512 canvas, positioned for avatar head --no realistic details, 3D, shadows",1,P1
acc_wristbands_neon,accessory,Wristbands Neon,"minimalist gym accessory, athletic wristbands pair, bright lime green color (#ADFF2F), simple sporty design, fits avatar wrist areas, flat illustration style, transparent background, 512x512 canvas, positioned for avatar wrists --no realistic details, 3D, shadows",1,P1
acc_wristbands_black,accessory,Wristbands Black,"minimalist gym accessory, athletic wristbands pair, black color (#1A1A1A), simple sporty design, fits avatar wrist areas, flat illustration style, transparent background, 512x512 canvas, positioned for avatar wrists --no realistic details, 3D, shadows",1,P1
acc_belt_leather,accessory,Lifting Belt Leather,"minimalist gym accessory, powerlifting belt, brown leather color (#654321), simple wide belt design, fits avatar waist area, flat illustration style, transparent background, 512x512 canvas, positioned for avatar waist --no realistic details, 3D, shadows",1,P1
acc_belt_black,accessory,Lifting Belt Black,"minimalist gym accessory, powerlifting belt, black color (#1A1A1A), simple wide belt design, fits avatar waist area, flat illustration style, transparent background, 512x512 canvas, positioned for avatar waist --no realistic details, 3D, shadows",1,P1
acc_cap_black,accessory,Baseball Cap Black,"minimalist gym accessory, backwards baseball cap, black color (#1A1A1A), simple sporty design, fits avatar head, flat illustration style, transparent background, 512x512 canvas, positioned for avatar head --no realistic details, 3D, shadows",1,P1
acc_cap_white,accessory,Baseball Cap White,"minimalist gym accessory, backwards baseball cap, white color (#F5F5F5), simple sporty design, fits avatar head, flat illustration style, transparent background, 512x512 canvas, positioned for avatar head --no realistic details, 3D, shadows",1,P1
acc_straps_black,accessory,Lifting Straps Black,"minimalist gym accessory, wrist lifting straps, black color (#1A1A1A), simple design wrapped around wrists, fits avatar wrist and hand areas, flat illustration style, transparent background, 512x512 canvas, positioned for avatar hands --no realistic details, 3D, shadows",1,P1
acc_straps_neon,accessory,Lifting Straps Neon,"minimalist gym accessory, wrist lifting straps, bright lime green color (#ADFF2F), simple design wrapped around wrists, fits avatar wrist and hand areas, flat illustration style, transparent background, 512x512 canvas, positioned for avatar hands --no realistic details, 3D, shadows",1,P1
acc_kneesleeves_black,accessory,Knee Sleeves Black,"minimalist gym accessory, compression knee sleeves pair, black color (#1A1A1A), simple supportive design, fits avatar knee areas, flat illustration style, transparent background, 512x512 canvas, positioned for avatar knees --no realistic details, 3D, shadows",1,P1
acc_kneesleeves_neon,accessory,Knee Sleeves Neon,"minimalist gym accessory, compression knee sleeves pair, bright lime green color (#ADFF2F), simple supportive design, fits avatar knee areas, flat illustration style, transparent background, 512x512 canvas, positioned for avatar knees --no realistic details, 3D, shadows",1,P1
fx_aura_iron,effect,Iron Aura,"minimalist fitness effect, subtle gray (#71797E) aura glow around avatar silhouette, soft diffused light effect, iron rank color, transparent background, 512x512 canvas, centered on avatar --no solid shapes, text, details",1,P2
fx_aura_bronze,effect,Bronze Aura,"minimalist fitness effect, warm bronze (#CD7F32) aura glow around avatar silhouette, soft diffused light effect, bronze rank color, transparent background, 512x512 canvas, centered on avatar --no solid shapes, text, details",1,P2
fx_aura_silver,effect,Silver Aura,"minimalist fitness effect, cool silver (#C0C0C0) aura glow around avatar silhouette, soft diffused light effect, silver rank color, transparent background, 512x512 canvas, centered on avatar --no solid shapes, text, details",1,P2
fx_aura_gold,effect,Gold Aura,"minimalist fitness effect, radiant gold (#FFD700) aura glow around avatar silhouette, bright diffused light effect, gold rank color, transparent background, 512x512 canvas, centered on avatar --no solid shapes, text, details",1,P2
fx_aura_platinum,effect,Platinum Aura,"minimalist fitness effect, bright platinum (#E5E4E2) aura glow around avatar silhouette, intense diffused light effect, platinum rank color, transparent background, 512x512 canvas, centered on avatar --no solid shapes, text, details",1,P2
fx_aura_diamond,effect,Diamond Aura,"minimalist fitness effect, brilliant cyan-white (#B9F2FF) aura glow around avatar silhouette, crystalline diffused light effect, diamond rank color, transparent background, 512x512 canvas, centered on avatar --no solid shapes, text, details",1,P2
fx_aura_mythic,effect,Mythic Aura,"minimalist fitness effect, epic multicolor aura glow around avatar silhouette, shifting purple (#8B2FF5) and gold (#FFD700) diffused light effect, mythic rank color, transparent background, 512x512 canvas, centered on avatar --no solid shapes, text, details",1,P2
fx_particles_gold,effect,Gold Particles,"minimalist fitness effect, floating gold (#FFD700) sparkle particles around avatar, small dots and stars scattered, celebration effect, transparent background, 512x512 canvas, distributed around avatar silhouette --no solid shapes, text, details",1,P2
fx_particles_accent,effect,Accent Particles,"minimalist fitness effect, floating lime green (#ADFF2F) sparkle particles around avatar, small dots and stars scattered, celebration effect, transparent background, 512x512 canvas, distributed around avatar silhouette --no solid shapes, text, details",1,P2
fx_glow_accent,effect,Accent Glow,"minimalist fitness effect, soft lime green (#ADFF2F) backlighting glow behind avatar, subtle rim light effect, energy aura, transparent background, 512x512 canvas, behind and around avatar silhouette --no solid shapes, text, details",1,P2
